# NOTE: byte-identical copies at notebooks/{en,he}/labs/data/11-standard-atmosphere.csv --
# JupyterLite only bundles the notebooks/ tree (jupyter_lite_config.json: "contents":
# ["notebooks"]), so each language's laboratory notebook needs its own co-located copy to
# run in the browser. Keep all three in sync -- scripts/check_parity.py enforces it.
#
# The International Standard Atmosphere (ISO 2533:1975, identical to the ICAO standard
# atmosphere) from sea level to 20 km, every 500 m of geopotential altitude.
#
# This is a reference model, not a measurement. The standard fixes sea-level conditions
# (288.15 K, 101325 Pa), a temperature that falls by 6.5 K per km up to 11 km and then holds
# at 216.65 K up to 20 km, and air of molar mass 0.0289644 kg/mol under g = 9.80665 m/s^2,
# with the standard's own gas constant 8.31432 J/(mol K); the pressures follow from hydrostatic
# equilibrium and the ideal-gas law. The rows below were computed from those defining equations
# to the precision shown. The standard is built to be a
# good average of the real mid-latitude atmosphere, which is why aviation altimeters use it.
#
# What that means for the laboratory: fitting the isothermal layer (11-20 km) recovers the
# standard's own inputs, so the fit tests your reading of the Boltzmann factor, not the air.
# The bend below 11 km is the standard's lapse rate -- the isothermal assumption failing.
#
# Columns: geopotential altitude h [m], temperature T [K], pressure P [Pa]
0,288.15,101325.0
500,284.90,95460.8
1000,281.65,89874.6
1500,278.40,84556.0
2000,275.15,79495.2
2500,271.90,74682.5
3000,268.65,70108.5
3500,265.40,65764.1
4000,262.15,61640.2
4500,258.90,57728.3
5000,255.65,54019.9
5500,252.40,50506.8
6000,249.15,47181.0
6500,245.90,44034.8
7000,242.65,41060.7
7500,239.40,38251.4
8000,236.15,35599.8
8500,232.90,33099.0
9000,229.65,30742.5
9500,226.40,28523.6
10000,223.15,26436.3
10500,219.90,24474.4
11000,216.65,22632.1
11500,216.65,20916.2
12000,216.65,19330.4
12500,216.65,17864.8
13000,216.65,16510.4
13500,216.65,15258.7
14000,216.65,14101.8
14500,216.65,13032.7
15000,216.65,12044.6
15500,216.65,11131.4
16000,216.65,10287.5
16500,216.65,9507.5
17000,216.65,8786.7
17500,216.65,8120.5
18000,216.65,7504.8
18500,216.65,6935.9
19000,216.65,6410.0
19500,216.65,5924.0
20000,216.65,5474.9
