# NOTE: byte-identical copies at notebooks/{en,he}/labs/data/14-water-phase-boundaries.csv --
# JupyterLite only bundles the notebooks/ tree (jupyter_lite_config.json: "contents":
# ["notebooks"]), so each language's laboratory notebook needs its own co-located copy to
# run in the browser. Keep all three in sync -- scripts/check_parity.py enforces it.
#
# The three phase boundaries of water in the pressure-temperature plane, meeting at the
# triple point (273.16 K, 611.657 Pa): sublimation of ice Ih (boundary 0, 200 K to the triple
# point), melting of ice Ih (boundary 1, from the ice Ih / ice III / liquid triple point at
# 251.165 K and 208.566 MPa up to the triple point), and vaporization (boundary 2, triple
# point to the critical point at 647.096 K, 22.064 MPa).
#
# Reference values, not a measurement made for this course: the rows are the IAPWS
# "Revised Release on the Pressure along the Melting and Sublimation Curves of Ordinary
# Water Substance" (2011) sublimation and ice Ih melting equations, and the IAPWS-95
# auxiliary saturation-pressure equation (Wagner & Pruss 2002), each evaluated at the stated
# temperature and rounded to six significant figures. The melting curve's slope is negative:
# ice melts under pressure, which is why that boundary leans left.
#
# columns: boundary (0 sublimation, 1 melting, 2 vaporization), temperature_K, pressure_Pa
0,200.00,0.162604
0,205.00,0.343815
0,210.00,0.701727
0,215.00,1.38584
0,220.00,2.65407
0,225.00,4.93902
0,230.00,8.94735
0,235.00,15.8053
0,240.00,27.2668
0,245.00,46.0052
0,250.00,76.0127
0,255.00,123.139
0,260.00,195.802
0,265.00,305.913
0,270.00,470.062
0,273.16,611.657
1,251.165,2.08567e+08
1,252.000,2.02371e+08
1,253.000,1.94844e+08
1,254.000,1.87194e+08
1,255.000,1.79413e+08
1,256.000,1.71496e+08
1,257.000,1.63432e+08
1,258.000,1.55213e+08
1,259.000,1.46829e+08
1,260.000,1.38268e+08
1,261.000,1.29519e+08
1,262.000,1.20567e+08
1,263.000,1.11398e+08
1,264.000,1.01994e+08
1,265.000,9.23367e+07
1,266.000,8.24029e+07
1,267.000,7.21673e+07
1,268.000,6.15994e+07
1,269.000,5.06628e+07
1,270.000,3.9313e+07
1,271.000,2.74942e+07
1,272.000,1.51357e+07
1,273.150,135229
1,273.160,611.657
2,273.160,611.657
2,280.000,991.759
2,290.000,1919.88
2,300.000,3536.72
2,310.000,6231.2
2,320.000,10546.4
2,330.000,17214
2,340.000,27189
2,350.000,41683.1
2,360.000,62194.7
2,370.000,90535.5
2,380.000,128852
2,390.000,179642
2,400.000,245765
2,410.000,330449
2,420.000,437291
2,430.000,570254
2,440.000,733666
2,450.000,932203
2,460.000,1.17089e+06
2,470.000,1.45509e+06
2,480.000,1.79049e+06
2,490.000,2.18309e+06
2,500.000,2.63922e+06
2,510.000,3.16553e+06
2,520.000,3.76898e+06
2,530.000,4.45689e+06
2,540.000,5.23692e+06
2,550.000,6.11718e+06
2,560.000,7.10623e+06
2,570.000,8.2132e+06
2,580.000,9.44793e+06
2,590.000,1.08212e+07
2,600.000,1.23448e+07
2,610.000,1.40326e+07
2,620.000,1.59006e+07
2,630.000,1.79689e+07
2,640.000,2.02658e+07
2,647.096,2.2064e+07
